,,,,,,,,,,,,,,,,,,,,,,,,,,,,,,,,,,,,,,,,,,,,,,,,,,
,,,,,,,,,,,,,,,,,,,,,,,,,,,,,,,,,,,,,,,,,,,,,,,,,,
FCA Retirement income data: April 2018 - March 2023,,,,,,,,,,,,,,,,,,,,,,,,,,,,,,,,,,,,,,,,,,,,,,,,,,
,,,,,,,,,,,,,,,,,,,,,,,,,,,,,,,,,,,,,,,,,,,,,,,,,,
Table 1: Overview - pots accessed for the first time,,,,,,,,,,,,,,,,,,,,,,,,,,,,,,,,,,,,,,,,,,,,,,,,,,
,Apr - Sep 2018,,,,Oct 2018 - Mar 2019,,,,Apr - Sep 2019,,,,Oct 2019 - Mar 2020,,,,Apr - Sep 2020,,,,Oct 2020 - Mar 2021,,,,Apr - Sep 2021,,,,Oct 2021 - Mar 2022,,,,Apr - Sep 2022,,,,Oct 2022 - Mar 2023,,,,,,,,22.23,21.22,20.21,,,
,Number,AUA** value (£000),Number of firms,% of policies accessed in this way ,Number,AUA value (£000),Number of firms,% of policies accessed in this way ,Number,AUA value (£000),Number of firms,% of policies accessed in this way ,Number,AUA value (£000),Number of firms,% of policies accessed in this way ,Number,AUA value (£000),Number of firms,% of policies accessed in this way ,Number,AUA value (£000),Number of firms,% of policies accessed in this way ,Number,AUA value (£000),Number of firms,% of policies accessed in this way ,Number,AUA value (£000),Number of firms,% of policies accessed in this way ,Number,AUA value (£000),Number of firms,% of policies accessed in this way ,Number,AUA value (£000),Number of firms,% of policies accessed in this way ,,,AUA value (£000),whole number,Average amount,Average amount,Average amount,,,
Total pots accessed for first time,"335,010","20,930,674",123,,"316,984","19,418,162",118,100%,"356,618","21,057,324",116,,"317,213","18,960,614",116,,"289,437","16,576,100",115,,"306,643","20,856,087",116,,"353,558","22,941,743",120,,"352,103","22,696,445",116,,"371,943","22,139,933",112,,"367,592","21,059,256",110,,,"739,535","43,199,189","43,199,189,000","58,414","64,674","58,579",,,
Annuities purchased,"37,990","2,342,790",23,11%,"35,987","2,181,929",22,11%,"38,381","2,318,600",21,11%,"31,153","1,848,416",20,10%,"28,694","1,945,178",20,10%,"31,689","2,158,946",20,10%,"36,708","2,801,524",20,10%,"31,806","2,351,626",20,9%,"28,768","1,881,767",19,8%,"30,395","2,179,180",19,8%,,"59,163","4,060,947","4,060,947,000","68,640",,,,,
New drawdown policies entered into and not fully withdrawn,"95,830","14,851,466",102,29%,"98,328","13,591,829",100,31%,"101,625","14,721,069",98,28%,"95,493","13,606,950",97,30%,"74,788","11,413,927",99,26%,"91,200","14,517,196",99,30%,"101,657","15,886,611",101,29%,"103,984","15,908,008",100,30%,"107,192","15,671,421",95,29%,"110,882","14,195,932",95,30%,,218074,"29,867,353","29,867,353,000","136,960",,,,,
Pots where first partial UFPLS payment taken and not fully withdrawn,"13,371","1,324,897",57,4%,"13,366","1,405,458",60,4%,"15,497","1,540,427",59,4%,"16,167","1,403,911",65,5%,"12,886","1,146,439",65,4%,"15,419","1,902,217",69,5%,"16,692","1,694,346",67,5%,"19,579","1,998,866",69,6%,"20,016","1,876,352",64,5%,"21,555","2,126,355",70,6%,,"41,571","4,002,707","4,002,707,000","96,286",,,,,
Full cash withdrawals from pots being accessed for first time*,"187,819","2,411,522",97,56%,"169,303","2,238,947",94,53%,"201,115","2,477,227",95,56%,"174,628","2,101,337",91,55%,"173,069","2,070,556",87,60%,"168,335","2,277,727",87,55%,"198,501","2,559,262",88,56%,"196,734","2,437,945",90,56%,"215,967","2,710,393",91,58%,"204,760","2,557,789",92,56%,,420727,"5,268,182","5,268,182,000","12,522",-10%,,,,
"*By plan holders accessing their plans for the first time via small pot lump sum, drawdown or uncrystallised fund pension lump sum (UFPLS). ",,,,,,,,,,,,,,,,,,,,,,,,,"68,397",,,,,,,,"59,163",,,,,,,,,,,,,,,,,
** AUA stands for Assets under administration,,,,,,,,,,,,,,,,,,,,,,,,,,,,,,,,,-13.50%,,,,,,,,,,,,,,,,,
"Note: for pots that were fully withdrawn or accessed by partial UFPLS, the data relate to pension plans that had not been accessed by any method prior to the reporting period in question. For pots that entered drawdown or were used to purchase an annuity, the data reflect all plans accessed by that particular method for the first time, regardless of whether the plan had previously been accessed in other ways.",,,,,,,,,,,,,,,,,,,,,,,,,,,,,,,,,,,,,,,,,,,,,,,,,,
,,,,,,,,,,,,,,,,,,,,,,,,,,,,,,,,,,,,,,,,,,,,,,,,,,
Table 2: Annuity purchases  - by pot size and customer age,,,,,,,,,,,,,,,,,,,,,,,,,,,,,,,,,,,,,,,,,,,,,,,,,,
Pot size (excluding PCLS),Apr - Sep 2018,,,,,Oct 2018 - Mar 2019,,,,,Apr - Sep 2019,,,,,Oct 2019 - Mar 2020,,,,,Apr - Sep 2020,,,,,Oct 2020 - Mar 2021,,,,,Apr - Sep 2021,,,,,Oct 2021 - Mar 2022,,,,,Apr - Sep 2022,,,,,Oct 2022 - Mar 2023,,,,
,Age of customer,,,,,Age of customer,,,,,Age of customer,,,,,Age of customer,,,,,Age of customer,,,,,Age of customer,,,,,Age of customer,,,,,Age of customer,,,,,Age of customer,,,,,Age of customer,,,,
,Under 55,55-64,65-74,75+,All ages,Under 55,55-64,65-74,75+,All ages,Under 55,55-64,65-74,75+,All ages,Under 55,55-64,65-74,75+,All ages,Under 55,55-64,65-74,75+,All ages,Under 55,55-64,65-74,75+,All ages,Under 55,55-64,65-74,75+,All ages,Under 55,55-64,65-74,75+,All ages,Under 55,55-64,65-74,75+,All ages,Under 55,55-64,65-74,75+,All ages
"Less than £10,000",56,"3,493","2,408",500,"6,457",79,"3,860","2,753",360,"7,052",73,"4,536","2,577",520,"7,706",64,"4,596","2,750",639,"8,049",55,"3,903","2,589",292,"6,839",43,"4,044","2,738",661,"7,486",53,"5,056","3,218",460,"8,787",48,"5,143","3,690",515,"9,396",18,"1,031","1,761",279,"3,089",8,944,"1,631",725,"3,308"
"£10,000 - £29,000",59,"4,286","5,127",358,"9,830",64,"3,896","4,677",278,"8,915",119,"3,775","4,831",343,"9,068",29,"2,713","3,230",299,"6,271",39,"2,534","3,232",218,"6,023",26,"2,498","3,849",441,"6,814",19,"2,676","4,441",364,"7,500",13,"2,388","3,827",377,"6,605",19,"2,754","4,351",325,"7,449",19,"2,572","4,324",589,"7,504"
"£30,000 - £49,000",35,"2,714","3,768",183,"6,700",41,"2,459","3,159",151,"5,810",79,"2,523","3,528",186,"6,316",11,"2,027","2,687",169,"4,894",24,"1,773","2,432",137,"4,366",21,"1,861","2,869",219,"4,970",17,"2,003","3,278",244,"5,542",5,"1,698","2,725",169,"4,597",11,"2,166","3,533",192,"5,902",14,"2,049","3,502",324,"5,889"
"£50,000 - £99,000",33,"3,500","4,978",241,"8,752",53,"3,210","4,554",266,"8,083",66,"3,250","4,977",240,"8,533",23,"2,654","3,750",216,"6,643",38,"2,348","3,376",211,"5,973",10,"2,339","4,010",282,"6,641",11,"2,636","4,619",345,"7,611",11,"2,255","3,753",235,"6,254",14,"2,587","4,297",299,"7,197",23,"2,411","4,774",458,"7,666"
"£100,000 - £249,000",16,"2,001","3,014",191,"5,222",34,"2,052","2,848",232,"5,166",43,"2,052","3,239",169,"5,503",9,"1,666","2,525",168,"4,368",33,"1,604","2,472",176,"4,285",9,"1,495","2,828",237,"4,569",14,"1,726","3,217",320,"5,277",7,"1,448","2,557",164,"4,176",6,"1,546","2,518",187,"4,257",12,"1,601","2,864",354,"4,831"
"£250,000 and above",17,533,443,36,"1,029",19,455,428,59,961,15,575,621,44,"1,255",6,475,397,35,913,25,514,564,105,"1,208",14,466,587,142,"1,209",23,819,954,195,"1,991",2,364,345,67,778,8,438,382,46,874,10,547,533,107,"1,197"
All pot sizes,216,"16,527","19,738","1,509","37,990",290,"15,932","18,419","1,346","35,987",395,"16,711","19,773","1,502","38,381",142,"14,131","15,339","1,526","31,138",214,"12,676","14,665","1,139","28,694",123,"12,703","16,881","1,982","31,689",137,"14,916","19,727","1,928","36,708",86,"13,296","16,897","1,527","31,806",76,"10,522","16,842","1,328","28,768",86,"10,124","17,628","2,557","30,395"
Note: pot sizes are after payment of any Pension Commencement Lump Sum (PCLS),,,,,,,,,,,,,,,,,,,,,,,,,,,,,,,,,,,,,,,,,,,,,,,,,,
,,,,,,,,,,,,,,,,,,,,,,,,,,,,,,,,,,,,,,,,,,,,,,,,,,
Table 3: Number of pots that entered drawdown (but were not fully exhausted) - by pot size and customer age,,,,,,,,,,,,,,,,,,,,,,,,,,,,,,,,,,,,,,,,,,,,,,,,,,
Pot size (excluding PCLS),Apr - Sep 2018,,,,,Oct 2018 - Mar 2019,,,,,Apr - Sep 2019,,,,,Oct 2019 - Mar 2020,,,,,Apr - Sep 2020,,,,,Oct 2020 - Mar 2021,,,,,Apr - Sep 2021,,,,,Oct 2021 - Mar 2022,,,,,Apr - Sep 2022,,,,,Oct 2022 - Mar 2023,,,,
,Age of customer,,,,,Age of customer,,,,,Age of customer,,,,,Age of customer,,,,,Age of customer,,,,,Age of customer,,,,,Age of customer,,,,,Age of customer,,,,,Age of customer,,,,,Age of customer,,,,
,Under 55,55-64,65-74,75+,All ages,Under 55,55-64,65-74,75+,All ages,Under 55,55-64,65-74,75+,All ages,Under 55,55-64,65-74,75+,All ages,Under 55,55-64,65-74,75+,All ages,Under 55,55-64,65-74,75+,All ages,Under 55,55-64,65-74,75+,All ages,Under 55,55-64,65-74,75+,All ages,Under 55,55-64,65-74,75+,All ages,Under 55,55-64,65-74,75+,All ages
"Less than £10,000",52,"3,612","1,273",92,"5,029",77,"3,845","1,324",135,"5,381",64,"4,252","1,495",161,"5,972",103,"4,407","1,426",179,"6,115",135,"4,042","1,354",134,"5,665",284,"5,282","1,892",180,"7,638",104,"6,940","2,548",157,"9,749",274,"6,816","2,485",221,"9,796",377,"7,947","3,071",312,"11,707",446,"9,010","3,308",325,"13,089"
"£10,000 - £29,000",134,"13,828","3,882",310,"18,154",160,"14,857","4,254",357,"19,628",131,"14,688","4,079",349,"19,247",152,"14,076","3,806",380,"18,414",183,"10,888","3,217",302,"14,590",217,"12,323","3,882",387,"16,809",132,"13,814","4,461",389,"18,796",283,"14,151","4,724",478,"19,636",290,"15,512","5,076",444,"21,322",332,"16,627","5,484",531,"22,974"
"£30,000 - £49,000",108,"12,885","3,678",239,"16,910",125,"13,780","4,012",310,"18,227",116,"13,606","3,859",294,"17,875",122,"12,915","3,540",270,"16,847",126,"9,567","2,751",234,"12,678",171,"10,582","3,444",286,"14,483",128,"11,404","3,726",338,"15,596",171,"11,535","3,830",342,"15,878",173,"12,137","4,072",372,"16,754",182,"12,653","4,296",448,"17,579"
"£50,000 - £99,000",190,"17,024","5,376",401,"22,991",187,"17,643","5,385",455,"23,670",177,"18,011","5,327",411,"23,926",190,"16,954","4,909",449,"22,502",180,"12,252","3,840",348,"16,620",238,"14,070","4,977",457,"19,742",211,"15,378","5,597",491,"21,677",288,"15,425","5,711",626,"22,050",225,"16,241","5,940",602,"23,008",277,"16,450","5,956",687,"23,370"
"£100,000 - £249,000",187,"13,496","4,539",432,"18,654",236,"13,422","4,531",478,"18,667",225,"14,505","4,633",478,"19,841",221,"12,939","4,274",460,"17,894",214,"9,777","3,383",403,"13,777",260,"11,980","4,483",514,"17,237",241,"13,247","5,041",562,"19,091",353,"13,215","5,337",662,"19,567",263,"13,065","5,310",633,"19,271",220,"13,071","5,612",765,"19,668"
"£250,000 and above",182,"11,003","2,597",310,"14,092",236,"9,747","2,440",332,"12,755",233,"11,642","2,588",301,"14,764",232,"10,640","2,477",372,"13,721",212,"9,104","1,880",262,"11,458",235,"11,777","2,879",400,"15,291",286,"12,708","3,239",515,"16,748",412,"12,575","3,510",560,"17,057",216,"11,387","3,017",510,"15,130",213,"10,015","3,369",605,"14,202"
All pot sizes,853,"71,848","21,345","1,784","95,830","1,021","73,294","21,946","2,067","98,328",946,"76,704","21,981","1,994","101,625","1,020","71,931","20,432","2,110","95,493","1,050","55,630","16,425","1,683","74,788","1,405","66,014","21,557","2,224","91,200","1,102","73,491","24,612","2,452","101,657","1,781","73,717","25,597","2,889","103,984","1,544","76,289","26,486","2,873","107,192","1,670","77,826","28,025","3,361","110,882"
Note: pot sizes are after payment of any Pension Commencement Lump Sum (PCLS),,,,,,,,,,,,,,,,,,,,,,,,,,,,,,,,,,,,,,,,"205,641",,,,,6.05%,,,,,"218,074"
,,,,,,,,,,,,,,,,,,,,,,,,,,,,,,,,,,,,,,,,,,,,,,,,,,
Table 4: Number of plans entering drawdown where only a Pension Commencement Lump Sum (PCLS) was taken - by pot size,,,,,,,,,,,,,,,,,,,,,,,,,,,,,,,,,,,,"4,121,000","4,902,000",18.95%,,,,,,,,,,,,
,Apr - Sept 2018,Oct 2018 - Mar 2019,Apr - Sept 2019,Oct 2019 - Mar 2020,Apr - Sept 2020,Oct 2020 - Mar 2021,Apr - Sept 2021,Oct 2021 - Mar 2022,Apr - Sept 2022,Oct 2022 - Mar 2023,,,,,,,,,,,,,,,,,,,,,,,,,,"1,493,000","1,839,000",23.17%,,,,,,,,,,,,
Pot size,Numbers,Numbers,Numbers,Numbers,Numbers,Numbers,Numbers,Numbers,Numbers,Numbers,,,,,,,,,,,,,,,,,,,,,,,,,,,,,,,,,,,,,,,,
"Less than £10,000","2,487","2,560","2,860","3,178","2,835","3,580","4,654","4,920","6,023","6,248",,,,,,,,,,,,,,,,,,,,,,,,,,,,,,,,,,,,,,,,
"£10,000 - £29,000","10,538","11,821","12,007","11,783","9,273","10,101","11,682","12,009","13,474","13,858",,,,,,,,,,,,,,,,,,,,,,,,,,,,,,,,,,,,,,,,
"£30,000 - £49,000","10,500","11,509","11,745","11,106","8,344","9,166","9,951","10,052","10,717","10,967",,,,,,,,,,,,,,,,,,,,,,,,,,,,,,,,,,,,,,,,
"£50,000 - £99,000","14,557","15,269","15,924","15,224","10,879","12,659","13,782","14,024","14,826","14,795",,,,,,,,,,,,,,,,,,,,,,,,,,,,,,,,,,,,,,,,
"£100,000 - £249,000","12,149","12,086","13,023","12,110","9,056","11,069","11,738","12,019","11,726","12,258",,,,,,,,,,,,,,,,,,,,,,,,,,,,,,,,,,,,,,,,
"£250,000 and above","9,035","7,745","9,544","9,507","7,508","10,115","10,015","10,078","8,360","8,632",,,,,,,,,,,,,,,,,,,,,,,,,,,,,,,,,,,,,,,,
All pot sizes,"59,266","60,990","65,103","62,908","47,895","56,690","61,822","63,102","65,126","66,758","131,884",,,,,,,,,,,,,,,,,,,,,,,,,,,,,,,,,,,,,,,
Note: plans where funds were crystallised and tax-free PCLS taken but no taxable drawdown was taken,,,,,,,,,,,,,,,,,,,,,,,,,,,,,,,,,,,,,,,,,,,,,,,,,,
,,,,,,,,,,,,,,,,,,,,,,,,,,,,,,,,,,,,,,,,,,,,,,,,,,
Table 5: Number of pots where first UFPLS taken - by pot size and customer age,,,,,,,,,,,,,,,,,,,,,,,,,,,,,,,,,,,,,,,,,,,,,,,,,,
Pot size (excluding PCLS),Apr - Sep 2018,,,,,Oct 2018 - Mar 2019,,,,,Apr - Sep 2019,,,,,Oct 2019 - Mar 2020,,,,,Apr - Sep 2020,,,,,Oct 2020 - Mar 2021,,,,,Apr - Sep 2021,,,,,Oct 2021 - Mar 2022,,,,,Apr - Sep 2022,,,,,Oct 2022 - Mar 2023,,,,
,Age of customer,,,,,Age of customer,,,,,Age of customer,,,,,Age of customer,,,,,Age of customer,,,,,Age of customer,,,,,Age of customer,,,,,Age of customer,,,,,Age of customer,,,,,Age of customer,,,,
,Under 55,55-64,65-74,75+,All ages,Under 55,55-64,65-74,75+,All ages,Under 55,55-64,65-74,75+,All ages,Under 55,55-64,65-74,75+,All ages,Under 55,55-64,65-74,75+,All ages,Under 55,55-64,65-74,75+,All ages,Under 55,55-64,65-74,75+,All ages,Under 55,55-64,65-74,75+,All ages,Under 55,55-64,65-74,75+,All ages,Under 55,55-64,65-74,75+,All ages
"Less than £10,000",,"2,090",453,11,"2,554",,"1,775",446,15,"2,236",,"2,110",560,17,"2,687",,"2,604",615,19,"3,238",,"2,146",640,14,"2,800",,"2,469",820,22,"3,311",,"2,602",963,17,"3,582",,"3,065",948,24,"4,037",,"3,346",1091,14,"4,451",,"3,642",1179,38,"4,859"
"£10,000 - £29,000",,"2,979",645,11,"3,635",,"2,875",626,13,"3,514",,"3,255",858,33,"4,146",,"3,505",742,19,"4,266",,"2,758",760,23,"3,541",,"3,099",1004,32,"4,135",,"3,536",1127,33,"4,696",,"4,262",1346,40,"5,648",,"4,291",1331,32,"5,654",,"4,556",1549,54,"6,159"
"£30,000 - £49,000",,"1,634",334,10,"1,978",,"1,730",392,10,"2,132",,"1,957",470,20,"2,447",,"1,991",540,11,"2,542",,"1,433",436,16,"1,885",,"1,490",472,9,"1,971",,"1,617",564,14,"2,195",,"1,866",620,19,"2,505",,"1,901",633,21,"2,555",,"2,077",702,22,"2,801"
"£50,000 - £99,000",,"1,904",433,10,"2,347",,"2,014",485,15,"2,514",,"2,219",528,17,"2,764",,"2,264",579,17,"2,860",,"1,649",486,13,"2,148",,"1,712",582,11,"2,305",,"1,885",581,8,"2,474",,"2,156",743,21,"2,920",,"2,288",732,19,"3,039",,"2,291",758,22,"3,071"
"£100,000 - £249,000",,"1,306",399,9,"1,714",,"1,430",388,10,"1,828",,"1,640",431,6,"2,077",,"1,495",457,19,"1,971",,"1,193",375,7,"1,575",,"1,388",543,9,"1,940",,"1,569",534,20,"2,123",,"1,786",697,20,"2,503",,"1,786",710,10,"2,506",,"1,892",722,18,"2,632"
"£250,000 and above",,917,221,5,"1,143",,914,223,5,"1,142",,"1,102",266,8,"1,376",,962,311,17,"1,290",,776,157,4,937,,1364,379,14,"1,757",,"1,279",329,14,"1,622",,1508,434,27,"1,969",,"1,430",365,16,"1,811",,1547,465,21,"2,033"
All pot sizes,,"10,830","2,485",56,"13,371",,"10,738","2,560",68,"13,366",,"12,283","3,113",101,"15,497",,"12,821","3,244",102,"16,167",,"9,955","2,854",77,"12,886",,"11,522","3,800",97,"15,419",,"12,488","4,098",106,"16,692",,"14,643","4,788",151,"19,582",,"15,042","4,862",112,"20,016",,"16,005","5,375",175,"21,555"
Note: pot sizes are based on uncrystallised funds in the plan before UFPLS withdrawal.,,,,,,,,,,,,,,,,,,,,,,,,,,,,,,,,,,,,,,,,,,,,,,,,,,
,,,,,,,,,,,,,,,,,,,,,,,,,,,,,,,,,,,,,,,,,,,,,,,,,,
Table 6: Number of plans fully withdrawn at first time of access - by pot size and customer age,,,,,,,,,,,,,,,,,,,,,,,,,,,,,,,,,,,,,,,,,,,,,,,,,,
Pot size (excluding PCLS),Apr - Sep 2018,,,,,Oct 2018 - Mar 2019,,,,,Apr - Sep 2019,,,,,Oct 2019 - Mar 2020,,,,,Apr - Sep 2020,,,,,Oct 2020 - Mar 2021,,,,,Apr - Sep 2021,,,,,Oct 2021 - Mar 2022,,,,,Apr - Sep 2022,,,,,Oct 2022 - Mar 2023,,,,
,Age of customer,,,,,Age of customer,,,,,Age of customer,,,,,Age of customer,,,,,Age of customer,,,,,Age of customer,,,,,Age of customer,,,,,Age of customer,,,,,Age of customer,,,,,Age of customer,,,,
,Under 55,55-64,65-74,75+,All ages,Under 55,55-64,65-74,75+,All ages,Under 55,55-64,65-74,75+,All ages,Under 55,55-64,65-74,75+,All ages,Under 55,55-64,65-74,75+,All ages,Under 55,55-64,65-74,75+,All ages,Under 55,55-64,65-74,75+,All ages,Under 55,55-64,65-74,75+,All ages,Under 55,55-64,65-74,75+,All ages,Under 55,55-64,65-74,75+,All ages
"Less than £10,000",904,"87,854","27,096","1,415","117,269",954,"79,682","25,371","1,486","107,493",970,"93,729","30,152","1,906","126,757",907,"84,127","26,143","1,630","112,671",901,"78,178","27,444","1,792","108,315",831,"76,357","30,150","1,531","108,869",919,"89,017","36,971","1,745","128,652",956,"91,034","40,076","1,945","134,011",1024,"98,266","40,649","2,074","142,013",1138,"94,128","39,902","2,118","137,286"
"£10,000 - £29,000",674,"38,755","9,978",650,"50,057",566,"33,940","8,533",641,"43,680",623,"40,386","10,529",831,"52,369",620,"33,614","8,214",769,"43,151",718,"33,899","9,632",718,"44,967",606,"29,888","9,557",755,"40,806",596,"34,940","11,207",819,"47,562",616,"31,052","10,558",967,"43,193",648,"37,209","12,410",967,"51,234",806,"32,899","11,880",1075,"46,660"
"£30,000 - £49,000",160,"9,995","2,329",96,"12,580",131,"8,852","1,963",118,"11,064",172,"10,775","2,651",151,"13,749",170,"9,165","1,969",127,"11,420",211,"9,423","2,404",143,"12,181",182,"8,407","2,230",151,"10,970",214,"9,717","2,857",177,"12,965",175,"8,415","2,414",189,"11,193",172,"10,209","2,996",192,"13,569",212,"8,945","2,739",200,"12,096"
"£50,000 - £99,000",124,"5,092","1,128",53,"6,397",102,"4,676",913,72,"5,763",110,"5,424","1,240",77,"6,851",97,"4,625","1,046",90,"5,858",117,"4,843","1,297",71,"6,328",142,"4,736","1,196",117,"6,191",144,"5,640","1,590",105,"7,479",118,"5,005","1,376",107,"6,606",106,"5,629","1,605",132,"7,472",157,"5,160","1,512",131,"6,960"
"£100,000 - £249,000",49,923,296,28,"1,296",37,873,202,24,"1,136",23,957,227,28,"1,235",23,830,239,31,"1,123",39,768,293,25,"1,125",51,910,293,41,"1,295",66,1075,359,46,"1,546",55,1027,369,46,"1,497",48,1000,380,65,"1,493",59,1010,430,38,"1,537"
"£250,000 and above",13,159,47,1,220,12,110,39,6,167,9,97,42,6,154,7,130,48,7,192,16,85,49,3,153,12,117,58,17,204,22,198,62,15,297,28,139,58,11,236,17,112,40,17,186,17,127,58,19,221
All pot sizes,"1,924","142,778","40,874","2,243","187,819","1,802","128,133","37,021","2,347","169,303","1,907","151,368","44,841","2,999","201,115","1,824","132,278","37,659","2,654","174,415","2,002","127,196","41,119","2,752","173,069","1,824","120,415","43,484","2,612","168,335","1,961","140,587","53,046","2,907","198,501","1,948","136,672","54,851","3,265","196,736","2,015","152,425","58,080","3,447","215,967","2,389","142,269","56,521","3,581","204,760"
Note: pot sizes are based on uncrystallised funds in the plan before first withdrawal in the period.,,,,,,,,,,,,,,,,,,,,,,,,,,,,,,,,,,,,,,,,,,,,,,,,,,
,,,,,,,,,,,,,,,,,,,,,,,,,,,,,,,,,,,,,,,,,,,,,,,,,,
Table 7: Number of plans where the plan holder(s) made regular partial withdrawals by annual rate of withdrawal and age band,,,,,,,,,,,,,,,,,,,,,,,,,,,,,,,,,,,,,,,,,,,,,,,,,,
Age of customer,Numbers of plans by annual rate of withdrawal during 2018-19,,,,,Number of plans with regular withdrawals,Value of withdrawals (£000),Numbers of plans by annual rate of withdrawal during 2019-20,,,,,Number of plans with regular withdrawals,Value of withdrawals (£000),Numbers of plans by annual rate of withdrawal during 2020-21,,,,,Number of plans with regular withdrawals,Value of withdrawals (£000),Numbers of plans by annual rate of withdrawal during 2021-22,,,,,Number of plans with regular withdrawals,Value of withdrawals (£000),Numbers of plans by annual rate of withdrawal during 2022-23,,,,,Number of plans with regular withdrawals,Value of withdrawals (£000),,,,,,,,,,,,,,,
,Less than 2%,2%-3.99%,4%-5.99%,6%-7.99%,8% and above,,,Less than 2%,2%-3.99%,4%-5.99%,6%-7.99%,8% and above,,,Less than 2%,2%-3.99%,4%-5.99%,6%-7.99%,8% and above,,,Less than 2%,2%-3.99%,4%-5.99%,6%-7.99%,8% and above,,,Less than 2%,2%-3.99%,4%-5.99%,6%-7.99%,8% and above,,,,,,,,,,,,,,,,,
Under 55,157,283,259,145,498,"1,342","19,917",147,254,220,152,602,"1,375","23,954",341,346,286,157,694,"1,824","28,716",374,349,244,139,731,"1,837","32,080",392,342,281,160,778,"1,953","48,406",,,,,,,,,,,,,,,
55-64,"13,400","19,634","20,187","16,206","53,576","123,003","1,385,240","13,471","18,911","19,353","13,993","58,587","124,315","1,560,276","16,735","20,082","20,162","14,421","60,477","131,877","1,465,348","18,134","24,738","21,538","14,196","62,021","140,627","1,968,897","20,617","28,317","25,824","16,793","71,193","162,744","2,517,407",,,,,,,,,,,,,,,
65-74,"18,826","30,660","41,275","30,471","65,572","186,804","1,763,026","17,939","29,083","38,167","27,111","67,837","180,137","1,735,370","21,992","28,033","38,111","27,129","73,765","189,030","1,765,344","23,670","36,275","40,702","28,680","74,878","204,205","1,997,508","28,030","41,914","48,598","32,324","84,860","235,726","2,570,878",,,,,,,,,,,,,,,
75-84,"3,982","6,588","7,511","7,052","21,725","46,858","544,117","4,237","6,531","7,767","6,810","22,135","47,480","574,876","5,389","7,083","7,813","6,852","24,632","51,769","614,829","6,794","8,936","10,520","8,294","26,865","61,409","734,184","7,765","11,010","13,486","10,432","31,812","74,505","980,662",,,,,,,,,,,,,,,
85+,64,111,140,115,711,"1,141","16,688",78,150,175,158,930,"1,491","22,498",166,217,244,190,1275,"2,092","31,062",306,393,360,309,1866,"3,234","40,010",421,575,564,495,2678,"4,733","61,979",,,,,,,,,,,,,,,
Total,"36,429","57,276","69,372","53,989","142,082","359,148","3,728,988","35,872","54,929","65,682","48,224","150,091","354,798","3,951,785","44,623","55,761","66,616","48,749","160,843","376,592","3,905,299","49,278","70,691","73,364","51,618","166,361","411,312","4,772,679","57,225","82,158","88,753","60,204","191,321","479,661","6,179,332",,,,,,,,,,,,,,,
"Note: plans where with a regular drawdown or UFPLS payment set up, at least one withdrawal was made and remained invested at the period end. Reported by firms with at least 750 such plans during the period. Rates are % of pot withdrawn during the year.",,,,,,,,,,,,,,,,,,,,,,,,,,,,,,,,,,,,,,,,,,,,,,,,,,
"Note: where customers have a regular payment in place and also took an ad-hoc payment in the year, the ad-hoc payments are reported here also",,,,,,,,,,,,,,,,,,,,,,,,,,,,,,,,,,,,,,,,,,,,,,,,,,
,,,,,,,,,,,,,,,,,,,,,,,,,,,,,,,,,,,,,,,,,,,,,,,,,,
Table 8: Number of plans where the plan holder(s) made regular partial withdrawals by annual rate of withdrawal and pot size,,,,,,,,,,,,,,,,,,,,,,,,,,,,,,,,,,,,,,,,,,,,,,,,,,
Pot size,Numbers of plans  by annual rate of withdrawal during 2018-19,,,,,Number of plans with regular withdrawals,Numbers of plans  by annual rate of withdrawal during 2019-20,,,,,Number of plans with regular withdrawals,Numbers of plans  by annual rate of withdrawal during 2020-21,,,,,Number of plans with regular withdrawals,Numbers of plans  by annual rate of withdrawal during 2021-22,,,,,Number of plans with regular withdrawals,Numbers of plans  by annual rate of withdrawal during 2022-23,,,,,Number of plans with regular withdrawals,,,,,,,,,,,,,,,,,,,,
,Less than 2%,2%-3.99%,4%-5.99%,6%-7.99%,8% and above,,Less than 2%,2%-3.99%,4%-5.99%,6%-7.99%,8% and above,,Less than 2%,2%-3.99%,4%-5.99%,6%-7.99%,8% and above,,Less than 2%,2%-3.99%,4%-5.99%,6%-7.99%,8% and above,,Less than 2%,2%-3.99%,4%-5.99%,6%-7.99%,8% and above,,,,,,,,,,,,,,,,,,,,,
"Less than £10,000",961,737,997,"1,194","11,611","15,500",863,697,954,"1,032","12,734","16,280",2458,959,1047,"1,102","15,245","20,811",1637,1026,1101,"1,106","15,643","20,513",1641,1138,1230,"1,137","19,824","24,970",,,,,,,,,,,,,,,,,,,,
"£10,000 - £29,000","1,653","2,739","5,846","6,654","32,944","49,836","1,418","2,552","5,264","5,499","35,586","50,319","2,154","2,911","5,530","5,500","39,630","55,725","2,066","3,160","5,478","5,379","37,449","53,532","2,736","4,219","6,935","6,173","45,420","65,483",,,,,,,,,,,,,,,,,,,,
"£30,000 - £49,000","2,266","4,380","7,994","7,809","27,767","50,216","1,976","4,141","7,344","6,593","29,691","49,745","2,359","4,084","7,640","6,908","31,949","52,940","2,208","4,656","7,130","6,652","28,895","49,541","3,760","6,191","9,510","8,054","33,319","60,834",,,,,,,,,,,,,,,,,,,,
"£50,000 - £99,000","5,098","10,744","17,050","14,381","34,226","81,499","4,739","10,091","15,887","12,613","35,654","78,984","5,488","9,611","16,048","12,738","37,459","81,344","5,269","11,718","16,464","13,194","39,403","86,048","5,766","11,907","18,306","13,919","45,264","95,162",,,,,,,,,,,,,,,,,,,,
"£100,000 - £249,000","9,966","18,756","22,579","16,155","26,431","93,887","9,593","17,257","20,969","14,727","26,477","89,023","11,340","16,907","20,783","14,719","26,938","90,687","12,005","21,200","23,427","16,055","32,054","104,741","13,721","22,219","26,655","18,986","35,275","116,856",,,,,,,,,,,,,,,,,,,,
"£250,000 and above","16,479","19,918","14,912","7,808","9,093","68,210","17,297","20,184","15,265","7,775","9,926","70,447","20,537","20,924","15,352","7,738","10,534","75,085","26,108","28,880","19,720","9,250","12,979","96,937","29,611","36,573","26,099","11,917","12,156","116,356",,,,,,,,,,,,,,,,,,,,
All pot sizes,"36,423","57,274","69,378","54,001","142,072","359,148","35,886","54,922","65,683","48,239","150,068","354,798","44,336","55,396","66,400","48,705","161,755","376,592","49,293","70,640","73,320","51,636","166,423","411,312","57,235","82,247","88,735","60,186","191,258","479,661",,,,,,,,,,,,,,,,,,,,
"Note: plans where with a regular drawdown or UFPLS payment set up, at least one withdrawal was made and remained invested at the period end. Reported by firms with at least 750 such plans during the period. Rates are % of pot withdrawn during the year.",,,,,,,,,,,,,,,,,,,,,,,,,,,,,,,,,,,,,,,,,,,,,,,,,,
"Note: where customers have a regular payment in place and also took an ad-hoc payment in the year, the ad-hoc payments are reported here also",,,,,,,,,,,,,,,,,,,,,,,,,,"65,244",72.13%,,,,,,,,,,,,,,,,,,,,,,,
,,,,,,,,,,,,,,,,,,,,,,,,,,"47,431",20.34%,,,,,,,,,,,,,,,,,,,,,,,
Table 9: Number of plans where the plan holder made ad hoc partial withdrawals by pot size,,,,,,,,,,,,,,,,,,,,,,,,,,,,,,,,,,,,,,,,,,,,,,,,,,
,2018-19,,2019-20,,2020-21,,2021-22,,2022-23,,,,,,,,,,,,,,,,,,,,,,,,,,,,,,,,,,,,,,,,,
Pot size,Numbers,Value (£000),Numbers,Value (£000),Numbers,Value (£000),Numbers,Value (£000),Numbers,Value (£000),,,,,,,,,,,,,,,,,,,,,,,,,,,,,,,,,,,,,,,,
"Less than £10,000","24,539","148,492","25,011","155,835","24,119","132,420","40,178","168,385","53,643","250,551",,,,,,,,,,,,,,,,,,,,,,,,,,,,,,,,,,,,,,,,
"£10,000 - £29,000","39,250","432,826","36,991","412,755","34,076","344,375","45,890","512,130","57,584","650,817",,,,,,,,,,,,,,,,,,,,,,,,,,,,,,,,,,,,,,,,
"£30,000 - £49,000","24,098","359,869","23,268","349,419","22,436","310,851","24,284","357,683","31,790","499,216",,,,,,,,,,,,,,,,,,,,,,,,,,,,,,,,,,,,,,,,
"£50,000 - £99,000","30,789","542,803","28,409","501,045","28,132","459,266","31,734","532,345","38,615","698,541",,,,,,,,,,,,,,,,,,,,,,,,,,,,,,,,,,,,,,,,
"£100,000 - £249,000","26,313","672,864","23,925","526,166","24,359","486,357","30,443","650,702","32,062","730,721",,,,,,,,,,,,,,,,,,,,,,,,,,,,,,,,,,,,,,,,
"£250,000 and above","18,346","866,233","16,742","657,715","19,817","675,073","23,687","880,044","23,707","877,123",,,,,,,,,,,,,,,,,,,,,,,,,,,,,,,,,,,,,,,,
All pot sizes,"163,335","3,023,087","154,346","2,602,935","152,939","2,408,342","196,216","3,101,289","237,401","3,706,969",,,,,,,,,,,,,,,,,,,,,,,,,,,,,,,,,,,,,,,,
Note: plans with no regular payment set up but from which at least one partial drawdown or UFPLS payment was made in the reporting period ,,,,,,,,,,,,,,,,,,,,,,,,,,,,,,,,,,,,,,,,,,,,,,,,,,
,,,,,,,,,,,,,,,,,,,,,,,,,,,,,,,,,,,,,,,,,,,,,,,,,,
Table 10: Use of advice when purchasing an annuity - by pot size,,,,,,,,,,,,,,,,,,,,,,,,,,,,,,,,,,,,,,,,,,,,,,,,,,
Pot size (excluding PCLS),Apr - Sep 2018,,,Oct 2018 - Mar 2019,,,Apr - Sep 2019,,,Oct 2019 - Mar 2020,,,Apr - Sep 2020,,,Oct 2020 - Mar 2021,,,Apr - Sep 2021,,,Oct 2021 - Mar 2022,,,Apr - Sep 2022,,,Oct 2022 - Mar 2023,,,,,,,,,,,,,,,,,,,,,,
,Number of annuity sales which used regulated advice,Number of annuity sales which used Pension Wise guidance,Number of annuity sales with no advice or guidance,Number of annuity sales which used regulated advice,Number of annuity sales which used Pension Wise guidance,Number of annuity sales with no advice or guidance,Number of annuity sales which used regulated advice,Number of annuity sales which used Pension Wise guidance,Number of annuity sales with no advice or guidance,Number of annuity sales which used regulated advice,Number of annuity sales which used Pension Wise guidance,Number of annuity sales with no advice or guidance,Number of annuity sales which used regulated advice,Number of annuity sales which used Pension Wise guidance,Number of annuity sales with no advice or guidance,Number of annuity sales which used regulated advice,Number of annuity sales which used Pension Wise guidance,Number of annuity sales with no advice or guidance,Number of annuity sales which used regulated advice,Number of annuity sales which used Pension Wise guidance,Number of annuity sales with no advice or guidance,Number of annuity sales which used regulated advice,Number of annuity sales which used Pension Wise guidance,Number of annuity sales with no advice or guidance,Number of annuity sales which used regulated advice,Number of annuity sales which used Pension Wise guidance,Number of annuity sales with no advice or guidance,Number of annuity sales which used regulated advice,Number of annuity sales which used Pension Wise guidance,Number of annuity sales with no advice or guidance,,,,,Advice,PW,None,,,,,,,,,,,,,
"Less than £10,000","1,004","2,976","2,477",814,"3,523","2,715",728,"3,638","3,340",686,"4,942","2,424",502,"4,574","1,763",570,"5,041","1,875",576,"6,367","1,844",604,"6,959","1,833",484,563,"2,042",609,562,"2,137",,,,Annuity,"14,215","11,204","33,744",,,,,,,,,,,,,
"£10,000 - £29,000","2,603","2,038","5,189","2,103","2,189","4,623","2,378","1,852","4,838","1,556","1,539","3,187","1,365","1,590","3,068","1,469","1,903","3,442","1,432","2,153","3,915","1,310","2,109","3,186","1,241","1,280","4,928","1,562","1,438","4,504",,,,Drawdown,"120,686","17,596","79,792",,,,,,,,,,,,,
"£30,000 - £49,000","1,947","1,327","3,426","1,651","1,311","2,848","1,942","1,125","3,249","1,476","1,045","2,374","1,160",975,"2,231","1,311","1,190","2,469","1,239","1,420","2,883","1,170","1,222","2,205","1,174","1,057","3,671","1,453","1,182","3,254",,,,UFPLS,"11,860","3,436","26,275",,,,,,,,,,,,,
"£50,000 - £99,000","2,726","2,412","3,614","2,370","2,311","3,402","2,756","1,872","3,905","2,065","1,739","2,839","1,737","1,682","2,554","1,703","2,086","2,852","1,709","2,394","3,508","1,518","2,136","2,600","1,626","1,360","4,211","2,268","1,614","3,784",,,,FCW,"96,275","35,476","288,976",,,,,,,,,,,,,
"£100,000 - £249,000","1,815","1,525","1,882","1,624","1,327","2,215","2,152","1,056","2,295","1,399","1,276","1,693","1,301","1,176","1,808","1,274","1,339","1,956","1,228","1,549","2,500","1,065","1,414","1,697","1,108",798,"2,351","1,840","1,007","1,984",,,,,,,,,,,,,,,,,,,,
"£250,000 and above",487,227,315,375,218,368,667,174,414,366,213,334,389,204,615,356,195,658,372,250,"1,369",263,201,314,321,130,423,529,213,455,,,,,"243,036","67,712","428,787",,"739,535",,,,,,,,,,,
All pot sizes,"10,582","10,505","16,903","8,937","10,879","16,171","10,623","9,717","18,041","7,548","10,754","12,851","6,454","10,201","12,039","6,683","11,754","13,252","6,556","14,133","16,019","5,930","14,041","11,835","5,954","5,188","17,626","8,261","6,016","16,118","25,419",,,,,,,,,,,,,,,,,,,
,,,,,,,,,,,,,,,,,,,,,,,,,,,,,,,,,,,32.9%,9.2%,58.0%,,,,,,,,,,,,,
,,,,,,,,,,,,,,,,,,,,,,,,,,,,,,,,,,,,,,,,,,,,,,,,,,
Table 11: Use of advice when entering drawdown - by pot size,,,,,,,,,,,,,,,,,,,,,,,,,,,,,,,,,,,,,,,,,,,,,,,,,,
,Apr - Sep 2018,,,Oct 2018 - Mar 2019,,,Apr - Sep 2019,,,Oct 2019 - Mar 2020,,,Apr - Sep 2020,,,Oct 2020 - Mar 2021,,,Apr - Sep 2021,,,Oct 2021 - Mar 2022,,,Apr - Sep 2022,,,Oct 2022 - Mar 2023,,,,,,,,,,,,,,,,,,,,,,
Pot size (excluding PCLS),Number of pots entering drawdown which used regulated advice,Number of pots entering drawdown which used Pension Wise guidance,Number of pots entering drawdown with no advice or guidance,Number of pots entering drawdown which used regulated advice,Number of pots entering drawdown which used Pension Wise guidance,Number of pots entering drawdown with no advice or guidance,Number of pots entering drawdown which used regulated advice,Number of pots entering drawdown which used Pension Wise guidance,Number of pots entering drawdown with no advice or guidance,Number of pots entering drawdown which used regulated advice,Number of pots entering drawdown which used Pension Wise guidance,Number of pots entering drawdown with no advice or guidance,Number of pots entering drawdown which used regulated advice,Number of pots entering drawdown which used Pension Wise guidance,Number of pots entering drawdown with no advice or guidance,Number of pots entering drawdown which used regulated advice,Number of pots entering drawdown which used Pension Wise guidance,Number of pots entering drawdown with no advice or guidance,Number of pots entering drawdown which used regulated advice,Number of pots entering drawdown which used Pension Wise guidance,Number of pots entering drawdown with no advice or guidance,Number of pots entering drawdown which used regulated advice,Number of pots entering drawdown which used Pension Wise guidance,Number of pots entering drawdown with no advice or guidance,Number of pots entering drawdown which used regulated advice,Number of pots entering drawdown which used Pension Wise guidance,Number of pots entering drawdown with no advice or guidance,Number of pots entering drawdown which used regulated advice,Number of pots entering drawdown which used Pension Wise guidance,Number of pots entering drawdown with no advice or guidance,,,,,,,,,,,,,,,,,,,,
"Less than £10,000","2,484",684,"1,861","2,452",906,"2,023","2,729",761,"2,482","2,665",914,"2,536","2,376",871,"2,418","2,992",824,"3,822","3,944",889,"4,916","4,598",871,"4,327","5,266",1243,"5,198","4,322",1458,"7,309",,,,,,,,,,,,,,,,,,,,
"£10,000 - £29,000","9,251","2,424","6,479","10,154","2,656","6,818","9,072","2,641","7,534","8,336","2,835","7,243","6,705","2,130","5,755","6,737","2,287","7,785","7,082","2,466","9,248","7,580","2,604","9,452","8,583","2,238","10,501","8,630","2,218","12,126",,,,,,,,,,,,,,,,,,,,
"£30,000 - £49,000","10,467","1,797","4,646","11,328","1,903","4,996","10,503","1,889","5,483","9,451","2,049","5,347","7,044","1,528","4,106","7,527","1,502","5,454","7,562","1,868","6,166","7,730","1,857","6,291","8,343","1,586","6,825","8,394","1,583","7,602",,,,,,,,,,,,,,,,,,,,
"£50,000 - £99,000","15,747","1,977","5,267","16,272","2,112","5,286","16,104","2,083","5,739","14,595","2,146","5,761","10,407","1,648","4,565","11,827","1,852","6,063","12,715","2,229","6,733","12,853","2,293","6,904","13,667","1,892","7,449","13,139","1,800","8,431",,,,,,,,,,,,,,,,,,,,
"£100,000 - £249,000","14,038","1,182","3,434","14,338","1,245","3,084","15,512","1,074","3,255","13,377","1,224","3,293","9,896","1,084","2,797","12,088","1,265","3,884","13,356","1,480","4,255","13,535","1,473","4,559","13,948","1,132","4,191","13,200","1,224","5,244",,,,,,,,,,,,,,,,,,,,
"£250,000 and above","11,593",525,"1,974","10,437",588,"1,730","12,480",468,"1,816","11,360",499,"1,862","9,075",591,"1,792","11,993",736,"2,562","13,247",789,"2,712","13,100",753,"3,204","12,295",573,"2,262","10,899",649,"2,654",,,,,,,,,,,,,,,,,,,,
All pot sizes,"63,580","8,589","23,661","64,981","9,410","23,937","66,400","8,916","26,309","59,784","9,667","26,042","45,503","7,852","21,433","53,164","8,466","29,570","57,906","9,721","34,030","59,396","9,851","34,737","62,102","8,664","36,426","58,584","8,932","43,366",36.59%,,,,,,,,,,,,,,,,,,,
,,,,,,,,,,,,,,,,,,,,,,,,,,,,,,,,,,,,,,,,,,,,,,,,,,
,,,,,,,,,,,,,,,,,,,,,,,,,,,,,,,,,,,,,,,,,,,,,,,,,,
Table 12: Use of advice when taking first UFPLS payment - by pot size,,,,,,,,,,,,,,,,,,,,,,,,,,,,,,,,,,,,,,,,,,,,,,,,,,
,Apr - Sep 2018,,,Oct 2018 - Mar 2019,,,Apr - Sep 2019,,,Oct 2019 - Mar 2020,,,Apr - Sep 2020,,,Oct 2020 - Mar 2021,,,Apr - Sep 2021,,,Oct 2021 - Mar 2022,,,Apr - Sep 2022,,,Oct 2022 - Mar 2023,,,,,,,,,,,,,,,,,,,,,,
Pot size (including tax free portion of payment),Number of first UFPLS payments which used regulated advice,Number of first UFPLS payments which used Pension Wise guidance,Number of first UFPLS payments with no advice or guidance,Number of first UFPLS payments which used  regulated advice,Number of first UFPLS payments which used Pension Wise guidance,Number of first UFPLS payments with no advice or guidance,Number of first UFPLS payments which used regulated advice,Number of first UFPLS payments which used Pension Wise guidance,Number of first UFPLS payments with no advice or guidance,Number of first UFPLS payments which used  regulated advice,Number of first UFPLS payments which used Pension Wise guidance,Number of first UFPLS payments with no advice or guidance,Number of first UFPLS payments which used regulated advice,Number of first UFPLS payments which used Pension Wise guidance,Number of first UFPLS payments with no advice or guidance,Number of first UFPLS payments which used  regulated advice,Number of first UFPLS payments which used Pension Wise guidance,Number of first UFPLS payments with no advice or guidance,Number of first UFPLS payments which used regulated advice,Number of first UFPLS payments which used Pension Wise guidance,Number of first UFPLS payments with no advice or guidance,Number of first UFPLS payments which used  regulated advice,Number of first UFPLS payments which used Pension Wise guidance,Number of first UFPLS payments with no advice or guidance,Number of first UFPLS payments which used regulated advice,Number of first UFPLS payments which used Pension Wise guidance,Number of first UFPLS payments with no advice or guidance,Number of first UFPLS payments which used  regulated advice,Number of first UFPLS payments which used Pension Wise guidance,Number of first UFPLS payments with no advice or guidance,,,,,,,,,,,,,,,,,,,,
"Less than £10,000",838,330,"1,386",566,267,"1,403",606,299,"1,782",667,366,"2,205",861,302,"1,637",979,256,"2,076",929,265,"2,388",712,350,"2,974",922,243,"3,286",627,245,"3,987",,,,,,,,,,,,,,,,,,,,
"£10,000 - £29,000","1,240",596,"1,799","1,088",591,"1,835","1,073",602,"2,471","1,068",586,"2,612","1,115",471,"1,955","1,244",498,"2,393","1,198",589,"2,909","1,481",759,"3,048","1,426",497,"3,731","1,328",485,"4,346",,,,,,,,,,,,,,,,,,,,
"£30,000 - £49,000",811,330,837,777,376,979,755,272,"1,420",656,329,"1,557",633,257,995,564,213,"1,194",583,271,"1,341",671,367,"1,467",687,244,"1,624",706,307,"1,788",,,,,,,,,,,,,,,,,,,,
"£50,000 - £99,000","1,055",362,930,"1,035",422,"1,057","1,059",407,"1,298",961,379,"1,520",868,247,"1,033",768,283,"1,254",880,320,"1,274",924,367,"1,629",994,287,"1,758",945,312,"1,814",,,,,,,,,,,,,,,,,,,,
"£100,000 - £249,000",978,187,549,852,247,729,"1,023",177,877,807,219,945,836,153,586,863,195,882,983,261,879,1087,313,"1,101","1,200",187,"1,119",1000,274,"1,358",,,,,,,,,,,,,,,,,,,,
"£250,000 and above",723,67,353,605,114,423,898,76,402,662,88,540,667,52,218,965,197,595,1018,118,486,1018,242,709,1040,137,634,985,218,830,,,,,,,,,,,,,,,,,,,,
All pot sizes,"5,645","1,872","5,854","4,923","2,017","6,426","5,414","1,833","8,250","4,821","1,967","9,379","4,980","1,482","6,424","5,383","1,642","8,394","5,591","1,824","9,277","5,893","2,398","10,928","6,269","1,595","12,152","5,591","1,841","14,123","15,296",,,,,,,,,,,,,,,,,,,
,,,,,,,,,,,,,,,,,,,,,,,,,,,,,,,,,,,,,,,,,,,,,,,,,,
,,,,,,,,,,,,,,,,,,,,,,,,,,,,,,,,,,,,,,,,,,,,,,,,,,
Table 13: Use of advice when making a full withdrawal - by pot size,,,,,,,,,,,,,,,,,,,,,,,,,,,,,,,,,,,,,,,,,,,,,,,,,,
,Apr - Sep 2018,,,Oct 2018 - Mar 2019,,,Apr - Sep 2019,,,Oct 2019 - Mar 2020,,,Apr - Sep 2020,,,Oct 2020 - Mar 2021,,,Apr - Sep 2021,,,Oct 2021 - Mar 2022,,,Apr - Sep 2022,,,Oct 2022 - Mar 2023,,,,,,,,,,,,,,,,,,,,,,
Pot size (including tax free portion of payment),Number of full withdrawals which used regulated advice,Number of  full withdrawals which used Pension Wise guidance,Number of  full withdrawals with no advice or guidance,Number of full withdrawals which used regulated advice,Number of  full withdrawals which used Pension Wise guidance,Number of  full withdrawals with no advice or guidance,Number of full withdrawals which used regulated advice,Number of  full withdrawals which used Pension Wise guidance,Number of  full withdrawals with no advice or guidance,Number of full withdrawals which used regulated advice,Number of  full withdrawals which used Pension Wise guidance,Number of  full withdrawals with no advice or guidance,Number of full withdrawals which used regulated advice,Number of  full withdrawals which used Pension Wise guidance,Number of  full withdrawals with no advice or guidance,Number of full withdrawals which used regulated advice,Number of  full withdrawals which used Pension Wise guidance,Number of  full withdrawals with no advice or guidance,Number of full withdrawals which used regulated advice,Number of  full withdrawals which used Pension Wise guidance,Number of  full withdrawals with no advice or guidance,Number of full withdrawals which used regulated advice,Number of  full withdrawals which used Pension Wise guidance,Number of  full withdrawals with no advice or guidance,Number of full withdrawals which used regulated advice,Number of  full withdrawals which used Pension Wise guidance,Number of  full withdrawals with no advice or guidance,Number of full withdrawals which used regulated advice,Number of  full withdrawals which used Pension Wise guidance,Number of  full withdrawals with no advice or guidance,,,,,,,,,,,,,,,,,,,,
"Less than £10,000","26,182","16,225","74,862","22,963","14,758","69,772","26,863","16,784","83,110","22,153","14,826","75,828","20,263","13,214","74,838","22,194","10,681","75,994","28,228","14,063","86,361","32,323","14,617","87,069","33,089","12,184","96,740","29,969","10,080","97,237",,,,,,,,,,,,,,,,,,,,
"£10,000 - £29,000","13,279","8,297","28,481","11,032","6,802","25,846","13,737","8,115","30,517","10,758","6,470","25,989","9,874","6,607","28,486","10,560","4,782","25,464","11,591","6,271","29,700","11,110","5,680","26,403","12,247","5,542","33,445","9,974","3,798","32,888",,,,,,,,,,,,,,,,,,,,
"£30,000 - £49,000","3,701","1,913","6,966","3,085","1,560","6,419","3,787","1,939","8,023","3,172","1,550","6,709","2,970","1,811","7,400","2,861","1,349","6,760","3,455","1,683","7,817","3,178","1,402","6,613","3,476","1,347","8,746","2,828",931,"8,337",,,,,,,,,,,,,,,,,,,,
"£50,000 - £99,000","1,677",857,"3,863","1,487",771,"3,505","1,860",870,"4,121","1,653",757,"3,448","1,495",870,"3,963","1,654",773,"3,764","1,913",1001,"4,565","1,876",779,"3,951","1,930",775,"4,767","1,720",540,"4,700",,,,,,,,,,,,,,,,,,,,
"£100,000 - £249,000",333,126,837,348,137,651,368,156,711,346,155,622,297,143,685,374,156,765,449,174,923,465,144,888,464,140,889,434,118,985,,,,,,,,,,,,,,,,,,,,
"£250,000 and above",113,14,93,70,11,86,57,11,86,80,15,97,51,9,93,88,13,103,126,11,160,88,12,136,65,13,108,79,8,134,23%,,,,,,,,,,,,,,,,,,,
All pot sizes,"45,285","27,432","115,102","38,985","24,039","106,279","46,672","27,875","126,568","38,162","23,773","112,693","34,950","22,654","115,465","37,731","17,754","112,850","45,762","23,203","129,526","49,040","22,634","125,060","51,271","20,001","144,695","45,004","15,475","144,281",68.68%,,,"40,716",,,,,,,,,,,,,,,,
,,,,,,,,,,,,,,,,,,,,,,,,,,,,,,,,,,,,,,,,,,,,,,,,,,
,,,,,,,,,,,,,,,,,,,,,,,,,,,,,,,,,,,,,,,,,,,,,,,,,,
Table 14: Types of annuity options sold,,,,,,,,,,,,,,,,,,,,,,,,,,,,,,,,,,,,,,,,,,,,,,,,,,
Annuity product feature/type,Apr - Sept 2018,,Oct 2018 - Mar 2019,,Apr - Sep 2019,,Oct 2019 - Mar 2020,,Apr - Sep 2020,,Oct 2020 - Mar 2021,,Apr - Sep 2021,,Oct 2021 - Mar 2022,,Apr - Sep 2022,,Oct 2022 - Mar 2023,,,,,,"39,761","14,233","107,266","35,527","12,345","110,670",,,,,,,,,,,,,,,,,,,,
,Number,% of annuities sold in period,Number,% of annuities sold in period,Number,% of annuities sold in period,Number,% of annuities sold in period,Number,% of annuities sold in period,Number,% of annuities sold in period,Number,% of annuities sold in period,Number,% of annuities sold in period,Number,% of annuities sold in period,Number,% of annuities sold in period,,,,,"23,497","9,557","52,605","21,494","7,939","53,864",,,,,,,,,,,,,,,,,,,,
Enhanced annuities*,"15,323",40%,"12,686",35%,"12,986",34%,"9,730",31%,"10,104",35%,"11,077",35%,"12,216",33%,"10,740",34%,"11,379",40%,"12,732",44%,,,,,"13,680","4,234","20,866","13,381","4,003","20,981",,,,,,,,,,,,,,,,,,,,
Guaranteed payment period annuities,"30,173",79%,"29,157",81%,"31,630",82%,"25,308",81%,"22,496",78%,"24,636",78%,"28,739",78%,"23,076",73%,"20,684",72%,"21,844",76%,,,,,"18,217","4,314","18,185","18,072","4,266","18,729",,,,,,,,,,,,,,,,,,,,
Value protected annuities,996,3%,"1,036",3%,"1,169",3%,970,3%,"1,094",4%,1253,4%,"1,483",4%,1396,4%,"1,607",6%,1686,6%,,,,,"16,720","2,257","8,550","16,474","2,623","9,571",,,,,,,,,,,,,,,,,,,,
Single life annuities,"25,423",67%,"24,655",69%,"26,392",69%,"21,913",70%,"20,035",70%,"23,297",74%,"26,253",72%,"23,892",75%,"20,339",71%,"20,433",71%,,,,,"13,721",853,"3,427","12,492","1,088","4,073",,,,,,,,,,,,,,,,,,,,
Joint life annuities,"12,567",33%,"11,332",31%,"11,989",31%,"9,240",30%,"8,659",30%,"8,392",26%,"10,455",28%,"7,914",25%,"8,429",29%,"9,962",35%,,,,,"125,596","35,448","210,899","117,440","32,264","217,888",,,,,,,,,,,,,,,,,,,,
Level only annuities,"31,651",83%,"30,818",86%,"33,617",88%,"26,708",86%,"24,707",86%,"26,621",84%,"31,498",86%,"27,576",87%,"24,146",84%,"24,944",87%,,,,,,,,,,,,,,,,,,,,,,,,,,,,,,
Escalating anuities,"5,246",14%,"5,168",14%,"4,761",12%,"4,427",14%,"3,974",14%,"3,574",11%,"5,210",14%,"4,228",13%,"4,622",16%,"5,449",19%,,,,,,,,,,,,,,,,,,,,,,,,,,,,,,
"*In this data collection we define enhanced annuities as only those underwritten on impaired life or lifestyle factors (e.g. smoking) and not annuities solely underwritten on other factors (e.g. occupation or postcode details).   
",,,,,,,,,,,,,,,,,,,,,,,,,,,,,,,,,,,,,,,,,,,,,,,,,,
Note: these product features are not mutually exclusive (e.g. an annuity could be both joint life and escalating),,,,,,,,,,,,,,,,,,,,,,,,,,,,,,,,,,,,,,,,,,,,,,,,,,
,,,,,,,,,,,,,,,,,,,,,,,,,,,,,,,,,,,,,,,,,,,,,,,,,,
,,,,,,,,,,,,,,,,,,,,,,,,,,,,,,,,,,,,,,,,,,,,,,,,,,
Table 15: Sources of business for annuity providers  - by pot size,,,,,,,,,,,,,,,,,,,,,,,,,,,,,,,,,,,,,,,,,,,,,,,,,,
Pot size (excluding PCLS),Apr - Sept 2018,,,Oct 2018 - Mar 2019,,,Apr - Sept 2019,,,Oct 2019 - Mar 2020,,,Apr - Sept 2020,,,Oct 2020 - Mar 2021,,,Apr - Sept 2021,,,Oct 2021 - Mar 2022,,,Apr - Sept 2022,,,Oct 2022 - Mar 2023,,,,,,,,,,,,,,,,,,,,,,
,Number of annuities sold to existing customers,Number of annuities sold via 3rd party arrangements including panels,Number of annuities sold to new customers (not via third party),Number of annuities sold to existing customers,Number of annuities sold via 3rd party arrangements including panels,Number of annuities sold to new customers (not via third party),Number of annuities sold to existing customers,Number of annuities sold via 3rd party arrangements including panels,Number of annuities sold to new customers (not via third party),Number of annuities sold to existing customers,Number of annuities sold via 3rd party arrangements including panels,Number of annuities sold to new customers (not via third party),Number of annuities sold to existing customers,Number of annuities sold via 3rd party arrangements including panels,Number of annuities sold to new customers (not via third party),Number of annuities sold to existing customers,Number of annuities sold via 3rd party arrangements including panels,Number of annuities sold to new customers (not via third party),Number of annuities sold to existing customers,Number of annuities sold via 3rd party arrangements including panels,Number of annuities sold to new customers (not via third party),Number of annuities sold to existing customers,Number of annuities sold via 3rd party arrangements including panels,Number of annuities sold to new customers (not via third party),Number of annuities sold to existing customers,Number of annuities sold via 3rd party arrangements including panels,Number of annuities sold to new customers (not via third party),Number of annuities sold to existing customers,Number of annuities sold via 3rd party arrangements including panels,Number of annuities sold to new customers (not via third party),,,,,,,,,,,,,,,,,,,,
"Less than £10,000","4,630",209,"1,618","5,050",238,"1,764","6,186",210,"1,310","6,081",200,"1,771","5,407",213,"1,219","5,901",209,"1,376","7,287",210,"1,290","7,937",199,"1,260","3,830",1055,"2,564","3,516",1086,"2,902",,,,,,,,,,,,,,,,,,,,
"£10,000 - £29,000","4,612","1,040","4,178","4,172","1,309","3,434","4,405","1,326","3,337","3,163",964,"2,155","2,622",848,"2,553","2,700",1023,"3,091","3,366",921,"3,213","3,407",792,"2,406","2,950",930,"2,022","2,596",1002,"2,291",,,,,,,,,,,,,,,,,,,,
"£30,000 - £49,000","3,149",829,"2,722","2,833","1,089","1,888","2,914","1,173","2,229","2,209",915,"1,771","1,803",789,"1,774","1,824",961,"2,185","2,287",894,"2,361","2,333",765,"1,499","3,657","1,234","2,306","3,158",1162,"3,346",,,,,,,,,,,,,,,,,,,,
"£50,000 - £99,000","4,549","1,063","3,140","4,163","1,218","2,702","4,286","1,297","2,950","3,446","1,054","2,143","2,980",971,"2,022","2,918","1,232","2,491","3,525","1,209","2,877","3,345","1,119","1,790","2,189",800,"1,268","1,643",667,"2,521",,,,,,,,,,,,,,,,,,,,
"£100,000 - £249,000","3,073",567,"1,582","2,819",614,"1,733","3,186",797,"1,520","2,658",571,"1,139","2,462",757,"1,066","2,259",999,"1,311","2,495",929,"1,853","2,411",843,922,449,155,270,273,135,789,,,,,,,,,,,,,,,,,,,,
"£250,000 and above",538,87,404,496,135,330,717,157,381,503,128,282,598,125,485,475,120,614,559,173,1259,477,128,173,1847,211,1031,1928,243,1137,,,,,,,,,,,,,,,,,,,,
All pot sizes,"20,551","3,795","13,644","19,533","4,603","11,851","21,694","4,960","11,727","18,045","3,832","9,261","15,872","3,703","9,119","16,077","4,544","11,068","19,519","4,336","12,853","19,910","3,846","8,050","14,922","4,385","9,461","13,114","4,295","12,986",,,,,,,,,,,,,,,,,,,,
"Note: includes both single-firm 3rd party arrangements where an accumulation pension provider has a relationship with a sole retirement income product provider, and multi-firm 3rd party arrangements mean where an accumulation pension provider has a panel with multiple retirement income product providers",,,,,,,,,,,,,,,,,,,,,,,,,,,,,,,,,,,,,,,,,,,,,,,,,,
,,,,,,,,,,,,,,,,,,,,,,,,,,,,,,,,,,,,,,,,,,,,,,,,,,
,,,,,,,,,,,,,,,,,,,,,,,,,,,,,,,,,,,,,,,,,,,,,,,,,,
Table 16: Sources of business for drawdown providers  - by pot size,,,,,,,,,,,,,,,,,,,,,,,,,,,,,,,,,,,,,,,,,,,,,,,,,,
,Apr - Sept 2018,,,Oct 2018 - Mar 2019,,,Apr - Sept 2019,,,Oct 2019 - Mar 2020,,,Apr - Sept 2020,,,Oct 2020 - Mar 2021,,,Apr - Sept 2021,,,Oct 2021 - Mar 2022,,,Apr - Sept 2022,,,Oct 2022 - Mar 2023,,,,,,,,,,,,,,,,,,,,,,
Pot size (excluding PCLS),Number of drawdown plans sold to existing provider,Number of drawdown plans sold via 3rd party arrangements including panels,Number of drawdown plans sold to new customers (not via third party),Number of drawdown plans sold to existing provider,Number of drawdown plans sold via 3rd party arrangements including panels,Number of drawdown plans sold to new customers (not via third party),Number of drawdown plans sold to existing provider,Number of drawdown plans sold via 3rd party arrangements including panels,Number of drawdown plans sold to new customers (not via third party),Number of drawdown plans sold to existing provider,Number of drawdown plans sold via 3rd party arrangements including panels,Number of drawdown plans sold to new customers (not via third party),Number of drawdown plans sold to existing provider,Number of drawdown plans sold via 3rd party arrangements including panels,Number of drawdown plans sold to new customers (not via third party),Number of drawdown plans sold to existing provider,Number of drawdown plans sold via 3rd party arrangements including panels,Number of drawdown plans sold to new customers (not via third party),Number of drawdown plans sold to existing provider,Number of drawdown plans sold via 3rd party arrangements including panels,Number of drawdown plans sold to new customers (not via third party),Number of drawdown plans sold to existing provider,Number of drawdown plans sold via 3rd party arrangements including panels,Number of drawdown plans sold to new customers (not via third party),Number of drawdown plans sold to existing provider,Number of drawdown plans sold via 3rd party arrangements including panels,Number of drawdown plans sold to new customers (not via third party),Number of drawdown plans sold to existing provider,Number of drawdown plans sold via 3rd party arrangements including panels,Number of drawdown plans sold to new customers (not via third party),,,,,,,,,,,,,,,,,,,,
"Less than £10,000","3,297",209,"1,523","3,503",208,"1,670","4,186",204,"1,582","3,896",166,"2,053","3,932",60,"1,673","5,440",10,"2,188","6,936",7,"2,806","6,422",9,"3,365","7,486",7,"4,214","8,938",4,"4,147",,,,,,,,,,,,,,,,,,,,
"£10,000 - £29,000","9,967","1,387","6,800","10,198","1,304","8,126","10,843","1,458","6,946","10,617","1,008","6,789","8,206",608,"5,776","9,851",323,"6,635","10,848",234,"7,714","11,736",224,"7,676","12,424",251,"8,647","14,652",249,"8,073",,,,,,,,,,,,,,,,,,,,
"£30,000 - £49,000","8,573",912,"7,425","8,865",871,"8,491","9,307",924,"7,644","9,211",644,"6,992","6,871",407,"5,400","7,908",308,"6,267","8,635",220,"6,741","8,894",229,"6,755","9,247",235,"7,272","10,236",295,"7,048",,,,,,,,,,,,,,,,,,,,
"£50,000 - £99,000","11,645",731,"10,615","11,619",613,"11,438","12,759",800,"10,367","12,540",586,"9,376","9,108",333,"7,179","11,028",343,"8,371","12,100",264,"9,313","12,637",287,"9,126","13,042",320,"9,646","13,771",433,"9,166",,,,,,,,,,,,,,,,,,,,
"£100,000 - £249,000","10,424",312,"7,918","10,340",207,"8,120","12,005",301,"7,535","11,052",218,"6,624","8,487",123,"5,167","10,650",177,"6,410","12,010",145,"6,936","12,682",146,"6,739","12,389",181,"6,701","13,062",349,"6,257",,,,,,,,,,,,,,,,,,,,
"£250,000 and above","9,507",60,"4,525","8,446",50,"4,259","10,570",131,"4,063","9,767",107,"3,847","8,245",41,"3,172","11,250",86,"3,955","12,677",50,"4,021","13,283",69,"3,705","11,773",46,"3,311","11,375",131,"2,696",,,,,,,,,,,,,,,,,,,,
All pot sizes,"53,413","3,611","38,806","52,971","3,253","42,104","59,670","3,818","38,137","57,083","2,729","35,681","44,849","1,572","28,367","56,127","1,247","33,826","63,206",920,"37,531","65,654",964,"37,366","66,361","1,040","39,791","72,034","1,461","37,387",,,,,,,,,,,,,,,,,,,,
"Note: includes both single-firm 3rd party arrangements where an accumulation pension provider has a relationship with a sole retirement income product provider, and multi-firm 3rd party arrangements mean where an accumulation pension provider has a panel with multiple retirement income product providers",,,,,,,,,,,,,,,,,,,,,,,,,,,,,,,,,,,,,,,,,,,,,,,,,,
,,,,,,,,,,,,,,,,,,,,,,,,,,,,,,,,,,,,,,,,,,,,,,,,,,
Table 17: Number of defined benefit (DB) to defined contribution (DC) pension transfers received,,,,,,,,,,,,,,,,,,,,,,,,,,,,,,,,,,,,,,,,,,,,,,,,,,
,Apr - Sept 2018,Oct 2018 - Mar 2019,Apr - Sept 2019,Oct 2019 - Mar 2020,Apr - Sept 2020,Oct 2020 - Mar 2021,Apr - Sept 2021,Oct 2021 - Mar 2022,Apr - Sept 2022,Oct 2022 - Mar 2023,"26,619",,,,,,,,,,,,,,,,,,,,,,,,,,,,,,,,,,,,,,,
Number of DB-DC transfers received,"32,249","24,575","20,202","20,451","15,889","14,707","13,724","12,895","10,997","7,076","18,073",-32.10%,,,,,,,,,,,,,,,,,,,,,,,,,,,,,,,,,,,,,,
Number of firms that received DB-DC transfers,75,70,68,67,65,63,63,57,60,56,,,,,,,,,,,,,,,,,,,,,,,,,,,,,,,,,,,,,,,,
,,,,,,,,,,,,,,,,,,,,,,,,,,,,,,,,,,,,,,,,,,,,,,,,,,
,,,,,,,,,,,,,,,,,,,,,,,,,,,,,,,,,,,,,,,,,,,,,,,,,,
Table 18: Total value withdrawn by PCLS and by fully encashed plans ,,,,,,,,,,,,,,,,,,,,,,,,,,,,,,,,,,,,,,,,,,,,,,,,,,
,Apr - Sept 2018,Oct 2018 - Mar 2019,Apr - Sept 2019,Oct 2019 - Mar 2020,Apr - Sept 2020,Oct 2020 - Mar 2021,Apr - Sept 2021,Oct 2021 - Mar 2022,Apr - Sept 2022,Oct 2022 - Mar 2023,"8,629,836",,,,,,,,,,,,,,,,,,,,,,,,,,,,,,,,,,,,,,,
Value withdrawn via PCLS for all plans (£000)*,"4,016,453","3,796,892","4,029,950","3,835,362","3,138,266","4,017,978","4,255,900","4,373,936","3,951,660","4,068,250","8,019,910",-7.07%,,,,,,,,,,,,,,,,,,,,,,,,,,,,,,,,,,,,,,
Value withdrawn by all plans fully encashed (£000)**,"2,879,294","2,804,726","3,021,514","2,628,239","2,686,382","2,653,378","3,076,050","3,035,826","3,415,013","3,150,093",,,,,,,,,,,,,,,,,,,,,,,,,,,,,,,,,,,,,,,,
Total number of plans fully encashed**,"212,464","226,499","229,666","212,270","198,965","204,093","237,084","244,018","368,383","249,841","8,629,836,000",,,,,,,,,,,,,,,,,,,,,,,,,,,,,,,,,,,,,,,
"*Value of all tax-free PCLS cash taken including those plans where income was also taken via drawdown, used to buy an annuity or transferred away.",,,,,,,,"481,102",,"618,224",,,,,,,,,,,,,,,,,,,,,,,,,,,,,,,,,,,,,,,,
"**Value and number of plans that had all funds withdrawn during the reporting period, regardless of when the plan was first set up or when the plan holder first accessed the plan",,,,,,,,,,29%,,,,,,,,,,,,,,,,,,,,,,,,,,,,,,,,,,,,,,,,
,,,,,,,,,,,,,,,,,,,,,,,,,,,,,,,,,,,,,,,,,,,,,,,,,,
Table 19: Stock Data (£Value),,,,,,,,,,,,,,,,,,,,,,,,,,,,,,,,,,,,,,,,,,,,,,,,,,
,Apr 2018 - Mar 2019,,Apr 2019 - Mar 2020,,Apr 2020 - Mar 2021,,Apr 2021 - Mar 2022,,Apr 2022 - Mar 2023,,,,,,,,,,,,,,,,,,,,,,,,,,,,,,,,,,,,,,,,,
,Contract,Trust,Contract,Trust,Contract,Trust,Contract,Trust,Contract,Trust,,,,,,,,,,,,,,,,,,,,,,,,,,,,,,,,,,,,,,,,
Uncrystallised assets (£Value),"792,446,574,654","88,854,898,023","728,648,208,262","74,495,120,595","861,465,269,550","117,231,873,321","946,459,776,185","130,142,615,090","934,414,961,964","148,379,503,932",,,,,,,,,,,,,,,,,,,,,,,,,,,,,,,,,,,,,,,,
Partly crystallised assets (£Value),"421,374","13,919","441,150","8,795","511,170","18,655","577,474","18,487","610,380","62,603",,,,,,,,,,,,,,,,,,,,,,,,,,,,,,,,,,,,,,,,
Crystallised assets (£Value),"162,705,333,366","9,904,475,528","148,785,921,266","4,892,209,071","188,819,681,811","11,811,838,746","213,463,947,697","9,429,072,208","205,553,827,245","14,958,866,412",,,,,,,,,,,,,,,,,,,,,,,,,,,,,,,,,,,,,,,,
All assets,"955,152,329,394","98,759,387,470","877,434,570,678","79,387,338,461","1,050,285,462,531","129,043,730,722","1,159,924,301,356","139,571,705,785","1,139,969,399,589","163,338,432,947",,,,,,,,,,,,,,,,,,,,,,,,,,,,,,,,,,,,,,,,
,,,,,,,,,,,,,,,,,,,,,,,,,,,,,,,,,,,,,,,,,,,,,,,,,,
Table 19A: Uncrystallised Stock Data (Number of plans),,,,,,,,,,,,,,,,,,,,,,,,,,,,,,,,,,,,,,,,,,,,,,,,,,
,Apr 2018 - Mar 2019,,Apr 2019 - Mar 2020,,Apr 2020 - Mar 2021,,Apr 2021 - Mar 2022,,Apr 2022 - Mar 2023,,,,,,,,,,,,,,,,,,,,,,,,,,,,,,,,,,,,,,,,,
,Contract,Trust,Contract,Trust,Contract,Trust,Contract,Trust,Contract,Trust,,,,,,,,,,,,,,,,,,,,,,,,,,,,,,,,,,,,,,,,
Over 55 or over and not accessed,"7,068,718","1,773,731","7,513,825","1,858,076","7,273,082","2,010,100","8,273,610","2,247,934","8,659,148","2,544,646",,,,,,,,,,,,,,,,,,,,,,,,,,,,,,,,,,,,,,,,
Over 55 and accessed pension via UFPLS,"45,793","5,633","50,775","6,811","61,472","10,360","72,280","11,663","79,178","15,622",,,,,,,,,,,,,,,,,,,,,,,,,,,,,,,,,,,,,,,,
Under 55 years old,"20,482,408","7,025,289","20,466,328","7,401,249","19,867,542","8,527,678","20,674,500","8,776,808","20,918,305","9,668,278",,,,,,,,,,,,,,,,,,,,,,,,,,,,,,,,,,,,,,,,
Guaranteed Income Benefit,"1,049,813","119,250","977,294","101,460","443,365","95,928","846,035","88,045","784,857","79,752",,,,,,,,,,,,,,,,,,,,,,,,,,,,,,,,,,,,,,,,
,,,,,,,,,,,,,,,,,,,,,,,,,,,,,,,,,,,,,,,,,,,,,,,,,,
Table 19B: Crystallised Stock Data (Number of plans),,,,,,,,,,,,,,,,,,,,,,,,,,,,,,,,,,,,,,,,,,,,,,,,,,
,Apr 2018 - Mar 2019,,Apr 2019 - Mar 2020,,Apr 2020 - Mar 2021,,Apr 2021 - Mar 2022,,Apr 2022 - Mar 2023,,,,,,,,,,,,,,,,,,,,,,,,,,,,,,,,,,,,,,,,,
,Contract,Trust,Contract,Trust,Contract,Trust,Contract,Trust,Contract,Trust,,,,,,,,,,,,,,,,,,,,,,,,,,,,,,,,,,,,,,,,
Drawdown plan where 100% of the fund has been crystallised,"610,004","13,135","830,470","21,629","815,275","12,307","963,593","24,172","1,055,428","25,470",,,,,,,,,,,,,,,,,,,,,,,,,,,,,,,,,,,,,,,,
Drawdown plan where a PLS has been paid but no income has been taken,"326,868","7,030","426,827","11,731","441,433","9,504","534,730","17,058","535,821","54,524",,,,,,,,,,,,,,,,,,,,,,,,,,,,,,,,,,,,,,,,
,,,,,,,,,,,,,,,,,,,,,,,,,,,,,,,,,,,,,,,,,,,,,,,,,,
"Table 19C: Payments from annuities, drawdown and UFPLS (Number of plans)",,,,,,,,,,,,,,,,,,,,,,,,,,,,,,,,,,,,,,,,,,,,,,,,,,
,Apr 2018 - Mar 2019,Apr 2019 - Mar 2020,Apr 2020 - Mar 2021,Apr 2021 - Mar 2022,Apr 2022 - Mar 2023,,,,,,,,,,,,,,,,,,,,,,,,,,,,,,,,,,,,,,,,,,,,,
Total annuities in payment,"7,409,943","7,212,985","6,935,848","6,981,733","6,878,304",,,,,,,,,,,,,,,,,,,,,,,,,,,,,,,,,,,,,,,,,,,,,
Income paid on annuities during the reporting period (£),"14,132,365,809","14,701,105,203","14,733,731,116","15,225,106,579","15,103,130,294",,,,,,,,,,,,,,,,,,,,,,,,,,,,,,,,,,,,,,,,,,,,,
Plans with regular withdrawals by drawdown or UFPLS,"375,673","367,962","387,440","424,007","491,833",,,,,,,,,,,,,,,,,,,,,,,,,,,,,,,,,,,,,,,,,,,,,
Plans with ad hoc partial withdrawals or UFPLS,"163,335","154,346","152,939","196,216","237,401",,,,,,,,,,,,,,,,,,,,,,,,,,,,,,,,,,,,,,,,,,,,,
,,,,,,,,,,,,,,,,,,,,,,,,,,,,,,,,,,,,,,,,,,,,,,,,,,
Table 20: Use of advise on drawdown based on the size of the withdrawal rate,,,,,,,,,,,,,,,,,,,,,,,,,,,,,,,,,,,,,,,,,,,,,,,,,,
,Apr 2018 - Mar 2019,,Apr 2019 - Mar 2020,,Apr 2020 - Mar 2021,,Apr 2021 - Mar 2022,,Apr 2022 - Mar 2023,,,,,,,,,,,,,,,,,,,,,,,,,,,,,,,,,,,,,,,,,
,Amount,% of total,Amount,% of total,Amount,% of total,Amount,% of total,Amount,% of total,,,,,,,,,,,,,,,,,,,,,,,,,,,,,,,,,,,,,,,,
"Of the number of plans where the plan holder made greater than or equal to 4% withdrawals in the reporting period, number of advised sales","202,684",76%,"208,112",79%,"209,595",76%,"223,625",77%,"247,821",73%,,,,,,,,,,,,,,,,,,,,,,,,,,,,,,,,,,,,,,,,
"Of the number of plans where the plan holder made less than 4% withdrawals in the reporting period, number of advised sales","67,445",72%,"69,517",77%,"74,656",74%,"91,038",76%,"112,018",80%,,,,,,,,,,,,,,,,,,,,,,,,,,,,,,,,,,,,,,,,
